Plate,Sample,Gate,X Parameter,Y Parameter,Count,Volume,Concentration,X Mean,Y Mean,X SD,Y SD
OTB_BACT_9-25-2025,Blank,All Events,BL1 - BL1-H,N/A,973,50,19.460,11437,N/A,12330.81,N/A
OTB_BACT_9-25-2025,Blank,R2,BL1 - BL1-H,N/A,660,50,13.200,15356,N/A,13276.57,N/A
OTB_BACT_9-25-2025,Blank,R1,BL1 - BL1-H,N/A,973,50,19.460,11437,N/A,12330.81,N/A
OTB_BACT_9-25-2025,Blank,R1,FSC - FSC-H,SSC - SSC-H,973,50,19.460,4026,4413,4085.18,3377.03
OTB_BACT_9-25-2025,Blank,R3,BL1 - BL1-H,SSC - SSC-H,55,50,1.100,39457,3525,18081.71,1651.25
OTB_BACT_9-25-2025,Blank,R1,BL1 - BL1-H,SSC - SSC-H,973,50,19.460,11437,4413,12330.81,3377.03
OTB_BACT_9-25-2025,Blank,R3,FSC - FSC-H,SSC - SSC-H,55,50,1.100,9399,3525,5240.30,1651.25
OTB_BACT_9-25-2025,St1_1,All Events,BL1 - BL1-H,N/A,251391,50,5027.820,28837,N/A,36976.82,N/A
OTB_BACT_9-25-2025,St1_1,R2,BL1 - BL1-H,N/A,204002,50,4080.040,32790,N/A,29078.58,N/A
OTB_BACT_9-25-2025,St1_1,R1,BL1 - BL1-H,N/A,251391,50,5027.820,28837,N/A,36976.82,N/A
OTB_BACT_9-25-2025,St1_1,R1,FSC - FSC-H,SSC - SSC-H,251391,50,5027.820,2702,1515,2668.00,2321.49
OTB_BACT_9-25-2025,St1_1,R3,BL1 - BL1-H,SSC - SSC-H,153902,50,3078.040,41944,872,37925.78,1059.16
OTB_BACT_9-25-2025,St1_1,R1,BL1 - BL1-H,SSC - SSC-H,251391,50,5027.820,28837,1515,36976.82,2321.49
OTB_BACT_9-25-2025,St1_1,R3,FSC - FSC-H,SSC - SSC-H,153902,50,3078.040,2416,872,2015.14,1059.16
OTB_BACT_9-25-2025,St1_2,All Events,BL1 - BL1-H,N/A,283381,50,5667.620,28806,N/A,36459.77,N/A
OTB_BACT_9-25-2025,St1_2,R2,BL1 - BL1-H,N/A,241277,50,4825.540,31325,N/A,27330.70,N/A
OTB_BACT_9-25-2025,St1_2,R1,BL1 - BL1-H,N/A,283381,50,5667.620,28806,N/A,36459.77,N/A
OTB_BACT_9-25-2025,St1_2,R1,FSC - FSC-H,SSC - SSC-H,283381,50,5667.620,2608,1461,2566.05,2233.83
OTB_BACT_9-25-2025,St1_2,R3,BL1 - BL1-H,SSC - SSC-H,183408,50,3668.160,39595,933,36082.65,1119.16
OTB_BACT_9-25-2025,St1_2,R1,BL1 - BL1-H,SSC - SSC-H,283381,50,5667.620,28806,1461,36459.77,2233.83
OTB_BACT_9-25-2025,St1_2,R3,FSC - FSC-H,SSC - SSC-H,183408,50,3668.160,2373,933,2018.71,1119.16
OTB_BACT_9-25-2025,St1_3,All Events,BL1 - BL1-H,N/A,300828,50,6016.560,28453,N/A,37267.03,N/A
OTB_BACT_9-25-2025,St1_3,R2,BL1 - BL1-H,N/A,255537,50,5110.740,30921,N/A,26926.23,N/A
OTB_BACT_9-25-2025,St1_3,R1,BL1 - BL1-H,N/A,300828,50,6016.560,28453,N/A,37267.03,N/A
OTB_BACT_9-25-2025,St1_3,R1,FSC - FSC-H,SSC - SSC-H,300828,50,6016.560,2643,1527,2624.42,2304.74
OTB_BACT_9-25-2025,St1_3,R3,BL1 - BL1-H,SSC - SSC-H,192457,50,3849.140,39232,945,36080.41,1133.41
OTB_BACT_9-25-2025,St1_3,R1,BL1 - BL1-H,SSC - SSC-H,300828,50,6016.560,28453,1527,37267.03,2304.74
OTB_BACT_9-25-2025,St1_3,R3,FSC - FSC-H,SSC - SSC-H,192457,50,3849.140,2371,945,2010.51,1133.41
OTB_BACT_9-25-2025,St2_1,All Events,BL1 - BL1-H,N/A,475322,50,9506.440,29972,N/A,36881.43,N/A
OTB_BACT_9-25-2025,St2_1,R2,BL1 - BL1-H,N/A,404344,50,8086.880,32587,N/A,28411.83,N/A
OTB_BACT_9-25-2025,St2_1,R1,BL1 - BL1-H,N/A,475322,50,9506.440,29972,N/A,36881.43,N/A
OTB_BACT_9-25-2025,St2_1,R1,FSC - FSC-H,SSC - SSC-H,475322,50,9506.440,2858,1594,3149.67,2291.22
OTB_BACT_9-25-2025,St2_1,R3,BL1 - BL1-H,SSC - SSC-H,303829,50,6076.580,41649,1019,37479.85,1249.12
OTB_BACT_9-25-2025,St2_1,R1,BL1 - BL1-H,SSC - SSC-H,475322,50,9506.440,29972,1594,36881.43,2291.22
OTB_BACT_9-25-2025,St2_1,R3,FSC - FSC-H,SSC - SSC-H,303829,50,6076.580,2520,1019,2443.26,1249.12
OTB_BACT_9-25-2025,St2_2,All Events,BL1 - BL1-H,N/A,483268,50,9665.360,29713,N/A,36467.25,N/A
OTB_BACT_9-25-2025,St2_2,R2,BL1 - BL1-H,N/A,409957,50,8199.140,32448,N/A,28191.07,N/A
OTB_BACT_9-25-2025,St2_2,R1,BL1 - BL1-H,N/A,483268,50,9665.360,29713,N/A,36467.25,N/A
OTB_BACT_9-25-2025,St2_2,R1,FSC - FSC-H,SSC - SSC-H,483268,50,9665.360,2827,1571,3107.21,2271.08
OTB_BACT_9-25-2025,St2_2,R3,BL1 - BL1-H,SSC - SSC-H,308234,50,6164.680,41398,1002,37120.30,1223.94
OTB_BACT_9-25-2025,St2_2,R1,BL1 - BL1-H,SSC - SSC-H,483268,50,9665.360,29713,1571,36467.25,2271.08
OTB_BACT_9-25-2025,St2_2,R3,FSC - FSC-H,SSC - SSC-H,308234,50,6164.680,2494,1002,2358.90,1223.94
OTB_BACT_9-25-2025,St2_3,All Events,BL1 - BL1-H,N/A,485844,50,9716.880,29951,N/A,36868.32,N/A
OTB_BACT_9-25-2025,St2_3,R2,BL1 - BL1-H,N/A,413252,50,8265.040,32566,N/A,28331.73,N/A
OTB_BACT_9-25-2025,St2_3,R1,BL1 - BL1-H,N/A,485844,50,9716.880,29951,N/A,36868.32,N/A
OTB_BACT_9-25-2025,St2_3,R1,FSC - FSC-H,SSC - SSC-H,485844,50,9716.880,2808,1574,3112.79,2263.60
OTB_BACT_9-25-2025,St2_3,R3,BL1 - BL1-H,SSC - SSC-H,311514,50,6230.280,41542,1018,37431.13,1240.87
OTB_BACT_9-25-2025,St2_3,R1,BL1 - BL1-H,SSC - SSC-H,485844,50,9716.880,29951,1574,36868.32,2263.60
OTB_BACT_9-25-2025,St2_3,R3,FSC - FSC-H,SSC - SSC-H,311514,50,6230.280,2478,1018,2386.66,1240.87
OTB_BACT_9-25-2025,St3_1,All Events,BL1 - BL1-H,N/A,310724,50,6214.480,30204,N/A,36570.51,N/A
OTB_BACT_9-25-2025,St3_1,R2,BL1 - BL1-H,N/A,261546,50,5230.920,33312,N/A,28948.49,N/A
OTB_BACT_9-25-2025,St3_1,R1,BL1 - BL1-H,N/A,310724,50,6214.480,30204,N/A,36570.51,N/A
OTB_BACT_9-25-2025,St3_1,R1,FSC - FSC-H,SSC - SSC-H,310724,50,6214.480,2675,1373,2964.57,2054.80
OTB_BACT_9-25-2025,St3_1,R3,BL1 - BL1-H,SSC - SSC-H,200604,50,4012.080,42187,948,37634.55,1123.78
OTB_BACT_9-25-2025,St3_1,R1,BL1 - BL1-H,SSC - SSC-H,310724,50,6214.480,30204,1373,36570.51,2054.80
OTB_BACT_9-25-2025,St3_1,R3,FSC - FSC-H,SSC - SSC-H,200604,50,4012.080,2397,948,2089.80,1123.78
OTB_BACT_9-25-2025,St3_2,All Events,BL1 - BL1-H,N/A,354266,50,7085.320,29952,N/A,36394.96,N/A
OTB_BACT_9-25-2025,St3_2,R2,BL1 - BL1-H,N/A,308646,50,6172.920,31834,N/A,27474.73,N/A
OTB_BACT_9-25-2025,St3_2,R1,BL1 - BL1-H,N/A,354266,50,7085.320,29952,N/A,36394.96,N/A
OTB_BACT_9-25-2025,St3_2,R1,FSC - FSC-H,SSC - SSC-H,354266,50,7085.320,2740,1460,3040.44,2105.57
OTB_BACT_9-25-2025,St3_2,R3,BL1 - BL1-H,SSC - SSC-H,235467,50,4709.340,40364,1012,37444.81,1181.89
OTB_BACT_9-25-2025,St3_2,R1,BL1 - BL1-H,SSC - SSC-H,354266,50,7085.320,29952,1460,36394.96,2105.57
OTB_BACT_9-25-2025,St3_2,R3,FSC - FSC-H,SSC - SSC-H,235467,50,4709.340,2437,1012,2219.27,1181.89
OTB_BACT_9-25-2025,St3_3,All Events,BL1 - BL1-H,N/A,366441,50,7328.820,30215,N/A,37616.23,N/A
OTB_BACT_9-25-2025,St3_3,R2,BL1 - BL1-H,N/A,318690,50,6373.800,32059,N/A,27931.47,N/A
OTB_BACT_9-25-2025,St3_3,R1,BL1 - BL1-H,N/A,366441,50,7328.820,30215,N/A,37616.23,N/A
OTB_BACT_9-25-2025,St3_3,R1,FSC - FSC-H,SSC - SSC-H,366441,50,7328.820,2770,1492,3132.05,2124.92
OTB_BACT_9-25-2025,St3_3,R3,BL1 - BL1-H,SSC - SSC-H,241208,50,4824.160,40901,1039,37965.26,1215.48
OTB_BACT_9-25-2025,St3_3,R1,BL1 - BL1-H,SSC - SSC-H,366441,50,7328.820,30215,1492,37616.23,2124.92
OTB_BACT_9-25-2025,St3_3,R3,FSC - FSC-H,SSC - SSC-H,241208,50,4824.160,2473,1039,2363.74,1215.48
OTB_BACT_9-25-2025,St4_1,All Events,BL1 - BL1-H,N/A,148235,50,2964.700,30886,N/A,41398.87,N/A
OTB_BACT_9-25-2025,St4_1,R2,BL1 - BL1-H,N/A,131309,50,2626.180,32295,N/A,25928.19,N/A
OTB_BACT_9-25-2025,St4_1,R1,BL1 - BL1-H,N/A,148235,50,2964.700,30886,N/A,41398.87,N/A
OTB_BACT_9-25-2025,St4_1,R1,FSC - FSC-H,SSC - SSC-H,148235,50,2964.700,2500,1273,2521.02,1776.26
OTB_BACT_9-25-2025,St4_1,R3,BL1 - BL1-H,SSC - SSC-H,108101,50,2162.020,37829,922,32885.38,1037.93
OTB_BACT_9-25-2025,St4_1,R1,BL1 - BL1-H,SSC - SSC-H,148235,50,2964.700,30886,1273,41398.87,1776.26
OTB_BACT_9-25-2025,St4_1,R3,FSC - FSC-H,SSC - SSC-H,108101,50,2162.020,2259,922,1943.11,1037.93
OTB_BACT_9-25-2025,St4_3,All Events,BL1 - BL1-H,N/A,141630,50,2832.600,31193,N/A,41724.04,N/A
OTB_BACT_9-25-2025,St4_3,R2,BL1 - BL1-H,N/A,126498,50,2529.960,32147,N/A,25711.81,N/A
OTB_BACT_9-25-2025,St4_3,R1,BL1 - BL1-H,N/A,141630,50,2832.600,31193,N/A,41724.04,N/A
OTB_BACT_9-25-2025,St4_3,R1,FSC - FSC-H,SSC - SSC-H,141630,50,2832.600,2512,1248,2584.31,1765.68
OTB_BACT_9-25-2025,St4_3,R3,BL1 - BL1-H,SSC - SSC-H,103979,50,2079.580,38026,915,34175.41,1046.51
OTB_BACT_9-25-2025,St4_3,R1,BL1 - BL1-H,SSC - SSC-H,141630,50,2832.600,31193,1248,41724.04,1765.68
OTB_BACT_9-25-2025,St4_3,R3,FSC - FSC-H,SSC - SSC-H,103979,50,2079.580,2252,915,1914.12,1046.51
OTB_BACT_9-25-2025,St5_1,All Events,BL1 - BL1-H,N/A,292276,50,5845.520,30076,N/A,37886.70,N/A
OTB_BACT_9-25-2025,St5_1,R2,BL1 - BL1-H,N/A,249881,50,4997.620,32252,N/A,28100.90,N/A
OTB_BACT_9-25-2025,St5_1,R1,BL1 - BL1-H,N/A,292276,50,5845.520,30076,N/A,37886.70,N/A
OTB_BACT_9-25-2025,St5_1,R1,FSC - FSC-H,SSC - SSC-H,292276,50,5845.520,2757,1501,3124.83,2117.86
OTB_BACT_9-25-2025,St5_1,R3,BL1 - BL1-H,SSC - SSC-H,186199,50,3723.980,41957,1021,38725.65,1205.52
OTB_BACT_9-25-2025,St5_1,R1,BL1 - BL1-H,SSC - SSC-H,292276,50,5845.520,30076,1501,37886.70,2117.86
OTB_BACT_9-25-2025,St5_1,R3,FSC - FSC-H,SSC - SSC-H,186199,50,3723.980,2405,1021,2267.64,1205.52
OTB_BACT_9-25-2025,St5_2,All Events,BL1 - BL1-H,N/A,319426,50,6388.520,30432,N/A,38180.88,N/A
OTB_BACT_9-25-2025,St5_2,R2,BL1 - BL1-H,N/A,276846,50,5536.920,32154,N/A,27970.06,N/A
OTB_BACT_9-25-2025,St5_2,R1,BL1 - BL1-H,N/A,319426,50,6388.520,30432,N/A,38180.88,N/A
OTB_BACT_9-25-2025,St5_2,R1,FSC - FSC-H,SSC - SSC-H,319426,50,6388.520,2838,1607,3194.98,2207.15
OTB_BACT_9-25-2025,St5_2,R3,BL1 - BL1-H,SSC - SSC-H,206393,50,4127.860,41725,1084,39202.56,1270.65
OTB_BACT_9-25-2025,St5_2,R1,BL1 - BL1-H,SSC - SSC-H,319426,50,6388.520,30432,1607,38180.88,2207.15
OTB_BACT_9-25-2025,St5_2,R3,FSC - FSC-H,SSC - SSC-H,206393,50,4127.860,2458,1084,2314.25,1270.65
OTB_BACT_9-25-2025,St5_3,All Events,BL1 - BL1-H,N/A,316907,50,6338.140,30602,N/A,38401.36,N/A
OTB_BACT_9-25-2025,St5_3,R2,BL1 - BL1-H,N/A,274471,50,5489.420,32353,N/A,28288.81,N/A
OTB_BACT_9-25-2025,St5_3,R1,BL1 - BL1-H,N/A,316907,50,6338.140,30602,N/A,38401.36,N/A
OTB_BACT_9-25-2025,St5_3,R1,FSC - FSC-H,SSC - SSC-H,316907,50,6338.140,2803,1567,3187.03,2163.46
OTB_BACT_9-25-2025,St5_3,R3,BL1 - BL1-H,SSC - SSC-H,205501,50,4110.020,41977,1072,39527.05,1255.19
OTB_BACT_9-25-2025,St5_3,R1,BL1 - BL1-H,SSC - SSC-H,316907,50,6338.140,30602,1567,38401.36,2163.46
OTB_BACT_9-25-2025,St5_3,R3,FSC - FSC-H,SSC - SSC-H,205501,50,4110.020,2444,1072,2348.28,1255.19
OTB_BACT_9-25-2025,St6_1,All Events,BL1 - BL1-H,N/A,622699,50,12453.980,29143,N/A,39716.81,N/A
OTB_BACT_9-25-2025,St6_1,R2,BL1 - BL1-H,N/A,532152,50,10643.040,30517,N/A,27556.59,N/A
OTB_BACT_9-25-2025,St6_1,R1,BL1 - BL1-H,N/A,622699,50,12453.980,29143,N/A,39716.81,N/A
OTB_BACT_9-25-2025,St6_1,R1,FSC - FSC-H,SSC - SSC-H,622699,50,12453.980,2708,1359,3484.01,2059.60
OTB_BACT_9-25-2025,St6_1,R3,BL1 - BL1-H,SSC - SSC-H,395127,50,7902.540,40599,970,42079.12,1213.80
OTB_BACT_9-25-2025,St6_1,R1,BL1 - BL1-H,SSC - SSC-H,622699,50,12453.980,29143,1359,39716.81,2059.60
OTB_BACT_9-25-2025,St6_1,R3,FSC - FSC-H,SSC - SSC-H,395127,50,7902.540,2452,970,2890.32,1213.80
OTB_BACT_9-25-2025,St6_2,All Events,BL1 - BL1-H,N/A,633947,50,12678.940,29091,N/A,39186.87,N/A
OTB_BACT_9-25-2025,St6_2,R2,BL1 - BL1-H,N/A,541444,50,10828.880,30650,N/A,27845.69,N/A
OTB_BACT_9-25-2025,St6_2,R1,BL1 - BL1-H,N/A,633947,50,12678.940,29091,N/A,39186.87,N/A
OTB_BACT_9-25-2025,St6_2,R1,FSC - FSC-H,SSC - SSC-H,633947,50,12678.940,2691,1351,3439.04,2049.38
OTB_BACT_9-25-2025,St6_2,R3,BL1 - BL1-H,SSC - SSC-H,400765,50,8015.300,40677,965,41437.59,1201.06
OTB_BACT_9-25-2025,St6_2,R1,BL1 - BL1-H,SSC - SSC-H,633947,50,12678.940,29091,1351,39186.87,2049.38
OTB_BACT_9-25-2025,St6_2,R3,FSC - FSC-H,SSC - SSC-H,400765,50,8015.300,2432,965,2811.69,1201.06
OTB_BACT_9-25-2025,St6_3,All Events,BL1 - BL1-H,N/A,646013,50,12920.260,29013,N/A,38865.44,N/A
OTB_BACT_9-25-2025,St6_3,R2,BL1 - BL1-H,N/A,554369,50,11087.380,30422,N/A,27583.44,N/A
OTB_BACT_9-25-2025,St6_3,R1,BL1 - BL1-H,N/A,646013,50,12920.260,29013,N/A,38865.44,N/A
OTB_BACT_9-25-2025,St6_3,R1,FSC - FSC-H,SSC - SSC-H,646013,50,12920.260,2684,1339,3416.80,2016.65
OTB_BACT_9-25-2025,St6_3,R3,BL1 - BL1-H,SSC - SSC-H,411032,50,8220.640,40304,972,41207.03,1204.24
OTB_BACT_9-25-2025,St6_3,R1,BL1 - BL1-H,SSC - SSC-H,646013,50,12920.260,29013,1339,38865.44,2016.65
OTB_BACT_9-25-2025,St6_3,R3,FSC - FSC-H,SSC - SSC-H,411032,50,8220.640,2440,972,2804.90,1204.24
OTB_BACT_9-25-2025,St7_1,All Events,BL1 - BL1-H,N/A,473205,50,9464.100,28559,N/A,37152.61,N/A
OTB_BACT_9-25-2025,St7_1,R2,BL1 - BL1-H,N/A,408207,50,8164.140,30138,N/A,27043.79,N/A
OTB_BACT_9-25-2025,St7_1,R1,BL1 - BL1-H,N/A,473205,50,9464.100,28559,N/A,37152.61,N/A
OTB_BACT_9-25-2025,St7_1,R1,FSC - FSC-H,SSC - SSC-H,473205,50,9464.100,2580,1339,2972.91,2043.36
OTB_BACT_9-25-2025,St7_1,R3,BL1 - BL1-H,SSC - SSC-H,307135,50,6142.700,38935,924,38056.61,1161.42
OTB_BACT_9-25-2025,St7_1,R1,BL1 - BL1-H,SSC - SSC-H,473205,50,9464.100,28559,1339,37152.61,2043.36
OTB_BACT_9-25-2025,St7_1,R3,FSC - FSC-H,SSC - SSC-H,307135,50,6142.700,2359,924,2478.98,1161.42
OTB_BACT_9-25-2025,St7_2,All Events,BL1 - BL1-H,N/A,482690,50,9653.800,28065,N/A,36766.50,N/A
OTB_BACT_9-25-2025,St7_2,R2,BL1 - BL1-H,N/A,413249,50,8264.980,29842,N/A,26875.29,N/A
OTB_BACT_9-25-2025,St7_2,R1,BL1 - BL1-H,N/A,482690,50,9653.800,28065,N/A,36766.50,N/A
OTB_BACT_9-25-2025,St7_2,R1,FSC - FSC-H,SSC - SSC-H,482690,50,9653.800,2601,1399,2986.55,2105.00
OTB_BACT_9-25-2025,St7_2,R3,BL1 - BL1-H,SSC - SSC-H,307852,50,6157.040,38787,931,38058.32,1172.93
OTB_BACT_9-25-2025,St7_2,R1,BL1 - BL1-H,SSC - SSC-H,482690,50,9653.800,28065,1399,36766.50,2105.00
OTB_BACT_9-25-2025,St7_2,R3,FSC - FSC-H,SSC - SSC-H,307852,50,6157.040,2359,931,2478.04,1172.93
OTB_BACT_9-25-2025,St8_1,All Events,BL1 - BL1-H,N/A,162398,50,3247.960,31105,N/A,32057.55,N/A
OTB_BACT_9-25-2025,St8_1,R2,BL1 - BL1-H,N/A,147299,50,2945.980,32939,N/A,25493.88,N/A
OTB_BACT_9-25-2025,St8_1,R1,BL1 - BL1-H,N/A,162398,50,3247.960,31105,N/A,32057.55,N/A
OTB_BACT_9-25-2025,St8_1,R1,FSC - FSC-H,SSC - SSC-H,162398,50,3247.960,2445,1248,2248.00,1809.77
OTB_BACT_9-25-2025,St8_1,R3,BL1 - BL1-H,SSC - SSC-H,121771,50,2435.420,37980,898,30649.16,1035.70
OTB_BACT_9-25-2025,St8_1,R1,BL1 - BL1-H,SSC - SSC-H,162398,50,3247.960,31105,1248,32057.55,1809.77
OTB_BACT_9-25-2025,St8_1,R3,FSC - FSC-H,SSC - SSC-H,121771,50,2435.420,2196,898,1581.31,1035.70
OTB_BACT_9-25-2025,St8_2,All Events,BL1 - BL1-H,N/A,170778,50,3415.560,31554,N/A,33551.46,N/A
OTB_BACT_9-25-2025,St8_2,R2,BL1 - BL1-H,N/A,155184,50,3103.680,33302,N/A,26202.03,N/A
OTB_BACT_9-25-2025,St8_2,R1,BL1 - BL1-H,N/A,170778,50,3415.560,31554,N/A,33551.46,N/A
OTB_BACT_9-25-2025,St8_2,R1,FSC - FSC-H,SSC - SSC-H,170778,50,3415.560,2450,1273,2223.49,1865.20
OTB_BACT_9-25-2025,St8_2,R3,BL1 - BL1-H,SSC - SSC-H,127582,50,2551.640,38567,908,31014.34,1057.47
OTB_BACT_9-25-2025,St8_2,R1,BL1 - BL1-H,SSC - SSC-H,170778,50,3415.560,31554,1273,33551.46,1865.20
OTB_BACT_9-25-2025,St8_2,R3,FSC - FSC-H,SSC - SSC-H,127582,50,2551.640,2204,908,1584.64,1057.47
OTB_BACT_9-25-2025,St8_3,All Events,BL1 - BL1-H,N/A,153397,50,3067.940,30665,N/A,31034.78,N/A
OTB_BACT_9-25-2025,St8_3,R2,BL1 - BL1-H,N/A,139001,50,2780.020,32640,N/A,25643.21,N/A
OTB_BACT_9-25-2025,St8_3,R1,BL1 - BL1-H,N/A,153397,50,3067.940,30665,N/A,31034.78,N/A
OTB_BACT_9-25-2025,St8_3,R1,FSC - FSC-H,SSC - SSC-H,153397,50,3067.940,2438,1241,2243.43,1815.62
OTB_BACT_9-25-2025,St8_3,R3,BL1 - BL1-H,SSC - SSC-H,112175,50,2243.500,38249,881,30118.87,1003.66
OTB_BACT_9-25-2025,St8_3,R1,BL1 - BL1-H,SSC - SSC-H,153397,50,3067.940,30665,1241,31034.78,1815.62
OTB_BACT_9-25-2025,St8_3,R3,FSC - FSC-H,SSC - SSC-H,112175,50,2243.500,2179,881,1520.52,1003.66
OTB_BACT_9-25-2025,St9_1,All Events,BL1 - BL1-H,N/A,161845,50,3236.900,32848,N/A,35157.73,N/A
OTB_BACT_9-25-2025,St9_1,R2,BL1 - BL1-H,N/A,149726,50,2994.520,33709,N/A,24687.27,N/A
OTB_BACT_9-25-2025,St9_1,R1,BL1 - BL1-H,N/A,161845,50,3236.900,32848,N/A,35157.73,N/A
OTB_BACT_9-25-2025,St9_1,R1,FSC - FSC-H,SSC - SSC-H,161845,50,3236.900,2330,1032,2149.00,1500.20
OTB_BACT_9-25-2025,St9_1,R3,BL1 - BL1-H,SSC - SSC-H,128895,50,2577.900,38311,864,31449.89,969.93
OTB_BACT_9-25-2025,St9_1,R1,BL1 - BL1-H,SSC - SSC-H,161845,50,3236.900,32848,1032,35157.73,1500.20
OTB_BACT_9-25-2025,St9_1,R3,FSC - FSC-H,SSC - SSC-H,128895,50,2577.900,2195,864,1638.08,969.93
OTB_BACT_9-25-2025,St9_2,All Events,BL1 - BL1-H,N/A,164862,50,3297.240,33696,N/A,37218.12,N/A
OTB_BACT_9-25-2025,St9_2,R2,BL1 - BL1-H,N/A,151834,50,3036.680,34538,N/A,25156.43,N/A
OTB_BACT_9-25-2025,St9_2,R1,BL1 - BL1-H,N/A,164862,50,3297.240,33696,N/A,37218.12,N/A
OTB_BACT_9-25-2025,St9_2,R1,FSC - FSC-H,SSC - SSC-H,164862,50,3297.240,2374,1065,2248.41,1548.48
OTB_BACT_9-25-2025,St9_2,R3,BL1 - BL1-H,SSC - SSC-H,131796,50,2635.920,39205,888,33526.06,1008.43
OTB_BACT_9-25-2025,St9_2,R1,BL1 - BL1-H,SSC - SSC-H,164862,50,3297.240,33696,1065,37218.12,1548.48
OTB_BACT_9-25-2025,St9_2,R3,FSC - FSC-H,SSC - SSC-H,131796,50,2635.920,2234,888,1776.75,1008.43
OTB_BACT_9-25-2025,St9_3,All Events,BL1 - BL1-H,N/A,174678,50,3493.560,33646,N/A,37186.93,N/A
OTB_BACT_9-25-2025,St9_3,R2,BL1 - BL1-H,N/A,161663,50,3233.260,34358,N/A,25758.40,N/A
OTB_BACT_9-25-2025,St9_3,R1,BL1 - BL1-H,N/A,174678,50,3493.560,33646,N/A,37186.93,N/A
OTB_BACT_9-25-2025,St9_3,R1,FSC - FSC-H,SSC - SSC-H,174678,50,3493.560,2391,1089,2299.04,1570.75
OTB_BACT_9-25-2025,St9_3,R3,BL1 - BL1-H,SSC - SSC-H,138081,50,2761.620,39478,897,34246.62,1011.67
OTB_BACT_9-25-2025,St9_3,R1,BL1 - BL1-H,SSC - SSC-H,174678,50,3493.560,33646,1089,37186.93,1570.75
OTB_BACT_9-25-2025,St9_3,R3,FSC - FSC-H,SSC - SSC-H,138081,50,2761.620,2237,897,1747.52,1011.67
OTB_BACT_9-25-2025,St10_1,All Events,BL1 - BL1-H,N/A,87357,50,1747.140,31548,N/A,36939.69,N/A
OTB_BACT_9-25-2025,St10_1,R2,BL1 - BL1-H,N/A,79829,50,1596.580,32706,N/A,25099.39,N/A
OTB_BACT_9-25-2025,St10_1,R1,BL1 - BL1-H,N/A,87357,50,1747.140,31548,N/A,36939.69,N/A
OTB_BACT_9-25-2025,St10_1,R1,FSC - FSC-H,SSC - SSC-H,87357,50,1747.140,2293,1039,1888.68,1517.98
OTB_BACT_9-25-2025,St10_1,R3,BL1 - BL1-H,SSC - SSC-H,69259,50,1385.180,36573,798,30871.44,843.24
OTB_BACT_9-25-2025,St10_1,R1,BL1 - BL1-H,SSC - SSC-H,87357,50,1747.140,31548,1039,36939.69,1517.98
OTB_BACT_9-25-2025,St10_1,R3,FSC - FSC-H,SSC - SSC-H,69259,50,1385.180,2132,798,1403.63,843.24
OTB_BACT_9-25-2025,St10_2,All Events,BL1 - BL1-H,N/A,87382,50,1747.640,30755,N/A,33669.62,N/A
OTB_BACT_9-25-2025,St10_2,R2,BL1 - BL1-H,N/A,79721,50,1594.420,32255,N/A,24845.61,N/A
OTB_BACT_9-25-2025,St10_2,R1,BL1 - BL1-H,N/A,87382,50,1747.640,30755,N/A,33669.62,N/A
OTB_BACT_9-25-2025,St10_2,R1,FSC - FSC-H,SSC - SSC-H,87382,50,1747.640,2295,1063,1885.93,1547.93
OTB_BACT_9-25-2025,St10_2,R3,BL1 - BL1-H,SSC - SSC-H,68908,50,1378.160,35995,797,29609.63,825.66
OTB_BACT_9-25-2025,St10_2,R1,BL1 - BL1-H,SSC - SSC-H,87382,50,1747.640,30755,1063,33669.62,1547.93
OTB_BACT_9-25-2025,St10_2,R3,FSC - FSC-H,SSC - SSC-H,68908,50,1378.160,2136,797,1423.68,825.66
OTB_BACT_9-25-2025,St10_3,All Events,BL1 - BL1-H,N/A,89847,50,1796.940,31052,N/A,33373.43,N/A
OTB_BACT_9-25-2025,St10_3,R2,BL1 - BL1-H,N/A,81877,50,1637.540,32558,N/A,25227.36,N/A
OTB_BACT_9-25-2025,St10_3,R1,BL1 - BL1-H,N/A,89847,50,1796.940,31052,N/A,33373.43,N/A
OTB_BACT_9-25-2025,St10_3,R1,FSC - FSC-H,SSC - SSC-H,89847,50,1796.940,2328,1089,1973.16,1604.78
OTB_BACT_9-25-2025,St10_3,R3,BL1 - BL1-H,SSC - SSC-H,70174,50,1403.480,36754,793,31105.40,827.60
OTB_BACT_9-25-2025,St10_3,R1,BL1 - BL1-H,SSC - SSC-H,89847,50,1796.940,31052,1089,33373.43,1604.78
OTB_BACT_9-25-2025,St10_3,R3,FSC - FSC-H,SSC - SSC-H,70174,50,1403.480,2135,793,1429.53,827.60
OTB_BACT_9-25-2025,St4_2,All Events,BL1 - BL1-H,N/A,145743,50,2914.860,31734,N/A,41438.45,N/A
OTB_BACT_9-25-2025,St4_2,R2,BL1 - BL1-H,N/A,129471,50,2589.420,33090,N/A,26670.28,N/A
OTB_BACT_9-25-2025,St4_2,R1,BL1 - BL1-H,N/A,145743,50,2914.860,31734,N/A,41438.45,N/A
OTB_BACT_9-25-2025,St4_2,R1,FSC - FSC-H,SSC - SSC-H,145743,50,2914.860,2507,1272,2555.46,1772.47
OTB_BACT_9-25-2025,St4_2,R3,BL1 - BL1-H,SSC - SSC-H,107859,50,2157.180,38628,938,34582.75,1075.47
OTB_BACT_9-25-2025,St4_2,R1,BL1 - BL1-H,SSC - SSC-H,145743,50,2914.860,31734,1272,41438.45,1772.47
OTB_BACT_9-25-2025,St4_2,R3,FSC - FSC-H,SSC - SSC-H,107859,50,2157.180,2279,938,2023.85,1075.47
OTB_BACT_9-25-2025,St7_3,All Events,BL1 - BL1-H,N/A,484299,50,9685.980,28371,N/A,35943.54,N/A
OTB_BACT_9-25-2025,St7_3,R2,BL1 - BL1-H,N/A,412056,50,8241.120,30714,N/A,27923.59,N/A
OTB_BACT_9-25-2025,St7_3,R1,BL1 - BL1-H,N/A,484299,50,9685.980,28371,N/A,35943.54,N/A
OTB_BACT_9-25-2025,St7_3,R1,FSC - FSC-H,SSC - SSC-H,484299,50,9685.980,2651,1368,3115.44,2090.34
OTB_BACT_9-25-2025,St7_3,R3,BL1 - BL1-H,SSC - SSC-H,306185,50,6123.700,39702,922,37167.96,1163.85
OTB_BACT_9-25-2025,St7_3,R1,BL1 - BL1-H,SSC - SSC-H,484299,50,9685.980,28371,1368,35943.54,2090.34
OTB_BACT_9-25-2025,St7_3,R3,FSC - FSC-H,SSC - SSC-H,306185,50,6123.700,2388,922,2502.75,1163.85
